{"11": [], "12": ["23"], "13": ["22"], "14": ["23"], "15": ["16", "31"], "16": ["25"], "17": ["26", "55"], "21": ["32"], "22": ["11"], "23": ["13"], "24": ["23"], "25": ["27", "34"], "26": ["37"], "27": [], "31": ["22"], "32": ["22"], "33": ["43"], "34": ["44"], "35": ["25"], "36": ["47"], "37": ["46"], "41": ["32"], "42": ["32"], "43": ["42"], "44": ["53"], "45": ["55"], "46": ["55"], "47": ["37"], "51": ["41"], "52": ["41"], "53": ["42"], "54": ["65"], "55": ["25", "64"], "56": ["45"], "57": ["46"], "61": ["51"], "62": ["73"], "63": ["72"], "64": ["53"], "65": ["66"], "66": ["55"], "67": ["66"], "71": ["72"], "72": ["73"], "73": ["64"], "74": ["55", "73"], "75": ["65"], "76": ["56", "65"], "77": ["76"]}