{"11": [], "12": ["11"], "13": ["12"], "14": ["13"], "15": ["26"], "16": ["25"], "17": ["16"], "18": ["17"], "19": ["28"], "1a": ["2a"], "1b": ["1a"], "21": ["11"], "22": ["11"], "23": ["22"], "24": ["25"], "25": ["14"], "26": [], "27": ["16", "19"], "28": ["17"], "29": ["38"], "2a": ["19"], "2b": ["1b"], "31": ["21"], "32": ["22"], "33": ["22", "83"], "34": ["45"], "35": ["25"], "36": ["44", "46"], "37": ["26"], "38": ["27"], "39": ["28"], "3a": ["2a"], "3b": ["2a"], "41": ["31"], "42": ["31"], "43": ["44"], "44": ["35"], "45": ["35"], "46": ["35"], "47": ["56"], "48": ["47"], "49": ["48"], "4a": ["3a"], "4b": ["3a"], "51": ["41"], "52": ["63"], "53": ["44"], "54": ["45", "4b"], "55": ["64"], "56": ["55"], "57": ["66"], "58": ["57"], "59": ["49"], "5a": ["59"], "5b": ["4b"], "61": ["52"], "62": ["63"], "63": ["74"], "64": ["26", "53"], "65": ["64"], "66": ["55"], "67": ["57"], "68": ["78"], "69": ["59"], "6a": ["5b"], "6b": ["5b"], "71": ["82"], "72": [], "73": ["83"], "74": ["64"], "75": ["64"], "76": ["66"], "77": ["66"], "78": ["79"], "79": ["89"], "7a": ["89"], "7b": ["8a"], "81": ["72"], "82": ["93"], "83": ["74"], "84": ["83"], "85": ["41", "76"], "86": ["76"], "87": ["76"], "88": ["77"], "89": ["98"], "8a": ["9a"], "8b": ["7b"], "91": ["a2"], "92": ["82"], "93": ["84"], "94": ["a4"], "95": ["a5"], "96": ["a5"], "97": ["87"], "98": ["87"], "99": ["98"], "9a": ["89"], "9b": ["9a"], "a1": ["b2"], "a2": ["93"], "a3": ["a4"], "a4": ["93"], "a5": ["a4"], "a6": ["97"], "a7": ["97"], "a8": ["97"], "a9": ["9a"], "aa": ["99"], "ab": ["9b"], "b1": ["a2"], "b2": ["b1"], "b3": ["b4"], "b4": ["a5"], "b5": ["a4"], "b6": ["b7"], "b7": ["a7"], "b8": ["a7"], "b9": ["b8"], "ba": ["ab"], "bb": ["ba"]}