{"11": [], "12": ["22"], "13": ["22"], "14": ["24"], "15": ["24"], "16": ["25", "7b"], "17": ["26"], "18": ["27"], "19": ["18"], "1a": ["29"], "1b": ["1a", "94"], "21": ["11"], "22": ["11"], "23": ["24"], "24": ["25"], "25": ["35"], "26": ["25"], "27": ["26"], "28": ["38"], "29": ["18"], "2a": ["3a"], "2b": ["1b"], "31": ["22"], "32": ["33", "43"], "33": ["22"], "34": ["33"], "35": ["34"], "36": ["26"], "37": ["26"], "38": ["37"], "39": ["4a"], "3a": ["4a"], "3b": ["4a"], "41": ["31"], "42": ["33"], "43": ["52"], "44": ["35"], "45": ["56"], "46": ["56"], "47": ["36"], "48": ["37"], "49": ["48"], "4a": ["49"], "4b": ["4a"], "51": ["62"], "52": ["42", "43"], "53": ["52"], "54": ["43"], "55": ["54"], "56": ["57"], "57": ["48"], "58": ["49"], "59": ["58"], "5a": ["4a"], "5b": ["6a"], "61": ["52"], "62": ["41", "53"], "63": ["73"], "64": ["19", "53"], "65": ["74"], "66": ["65"], "67": ["56"], "68": ["79"], "69": ["78"], "6a": ["79"], "6b": ["7a"], "71": ["62"], "72": ["73"], "73": ["62"], "74": ["64"], "75": ["64"], "76": ["87"], "77": ["86"], "78": ["89"], "79": ["69"], "7a": ["69"], "7b": ["6a"], "81": ["71"], "82": ["73", "b1"], "83": ["94"], "84": ["74"], "85": ["84"], "86": ["75"], "87": ["86"], "88": ["98"], "89": ["98"], "8a": ["9a"], "8b": ["9a"], "91": ["82"], "92": ["82"], "93": ["94"], "94": ["84"], "95": ["84"], "96": ["85"], "97": ["98"], "98": ["87"], "99": ["89"], "9a": [], "9b": ["8a"], "a1": ["b2"], "a2": ["a1"], "a3": ["a4"], "a4": ["94"], "a5": ["a4"], "a6": ["95"], "a7": ["98"], "a8": ["99"], "a9": ["b9"], "aa": ["a9"], "ab": ["9b"], "b1": ["b2"], "b2": ["a3"], "b3": ["a4"], "b4": [], "b5": ["a6"], "b6": ["b5"], "b7": ["a6"], "b8": ["a7"], "b9": ["b8"], "ba": ["b9"], "bb": ["ba"]}