{"11": [], "12": ["22"], "13": ["22"], "14": ["23"], "15": ["26"], "16": ["27"], "17": ["26"], "18": ["19"], "19": ["1a"], "1a": ["29"], "1b": ["2b"], "21": ["22"], "22": ["11"], "23": ["12"], "24": ["34"], "25": ["35"], "26": ["16"], "27": ["38"], "28": ["27"], "29": ["3a"], "2a": ["3b"], "2b": ["3a"], "31": ["22"], "32": ["33"], "33": ["23"], "34": ["23"], "35": ["44"], "36": ["35"], "37": ["46"], "38": ["47"], "39": ["48"], "3a": ["49"], "3b": ["3a"], "41": ["51", "61"], "42": ["33"], "43": ["34"], "44": ["34"], "45": ["35"], "46": ["35"], "47": ["46"], "48": ["47", "74"], "49": ["48"], "4a": ["5a"], "4b": ["3b"], "51": ["42"], "52": ["62"], "53": ["64"], "54": ["65"], "55": ["66"], "56": ["45"], "57": ["67"], "58": ["47"], "59": ["69"], "5a": ["5b"], "5b": ["4b"], "61": ["62"], "62": ["51"], "63": ["64"], "64": ["65"], "65": ["76"], "66": ["76"], "67": ["58"], "68": ["58"], "69": ["68"], "6a": ["5a"], "6b": ["5b"], "71": ["72"], "72": ["62", "88"], "73": ["72", "aa"], "74": ["63"], "75": [], "76": ["67"], "77": ["76"], "78": ["67"], "79": ["68"], "7a": ["69"], "7b": ["6a"], "81": ["72"], "82": ["73"], "83": ["72"], "84": ["85"], "85": ["76"], "86": ["77"], "87": ["78"], "88": ["79"], "89": ["8a"], "8a": ["7a"], "8b": ["7b"], "91": ["a1"], "92": ["81"], "93": ["94"], "94": ["a4"], "95": ["a5"], "96": ["86"], "97": ["86"], "98": ["88"], "99": ["9a"], "9a": ["8a"], "9b": ["ab"], "a1": ["a2"], "a2": ["92"], "a3": ["b2"], "a4": ["a5"], "a5": ["a6"], "a6": ["97"], "a7": ["97"], "a8": ["b8"], "a9": ["69", "9a"], "aa": ["99"], "ab": [], "b1": ["91", "a1"], "b2": ["a2"], "b3": ["a4"], "b4": ["a3"], "b5": ["a6"], "b6": ["a6"], "b7": ["b6"], "b8": ["a9"], "b9": ["a9"], "ba": ["a9"], "bb": ["ab"]}