{"11": [], "12": ["11"], "13": ["12"], "14": ["23", "77"], "15": ["24"], "16": ["15"], "17": ["16", "31"], "21": ["31"], "22": ["12", "37"], "23": ["12"], "24": ["23"], "25": ["16"], "26": ["25"], "27": [], "31": ["22"], "32": ["22"], "33": ["32"], "34": ["23", "26"], "35": ["24"], "36": ["35"], "37": ["46"], "41": ["31"], "42": ["31", "77"], "43": ["54"], "44": ["55"], "45": ["34"], "46": ["45"], "47": ["46"], "51": ["42"], "52": ["41"], "53": ["62"], "54": ["55"], "55": ["46"], "56": ["46"], "57": ["66"], "61": ["62"], "62": ["52"], "63": ["64"], "64": ["65"], "65": ["56"], "66": ["56"], "67": ["56"], "71": ["62"], "72": ["73"], "73": ["63"], "74": ["73"], "75": ["64"], "76": ["66"], "77": ["67"]}