{"11": [], "12": ["11"], "13": ["12", "21"], "14": ["24"], "15": ["24"], "16": ["15"], "17": ["26"], "21": ["11"], "22": ["11"], "23": ["33"], "24": ["33"], "25": ["35", "46"], "26": ["11", "16", "74"], "27": ["16"], "31": ["41"], "32": ["21"], "33": ["32"], "34": ["25"], "35": ["24"], "36": ["35"], "37": ["26"], "41": ["32"], "42": ["41"], "43": ["32"], "44": ["33"], "45": ["55"], "46": ["57", "71"], "47": ["36"], "51": [], "52": ["43"], "53": ["54"], "54": ["43"], "55": ["44"], "56": ["55"], "57": ["67"], "61": ["52"], "62": ["61"], "63": ["52"], "64": ["44", "73"], "65": ["76"], "66": ["55"], "67": ["56"], "71": ["62"], "72": ["73"], "73": ["62"], "74": ["73"], "75": ["66"], "76": ["67"], "77": ["76"]}