{"11": [], "12": ["13"], "13": ["22", "56"], "14": ["23"], "15": ["26"], "16": ["26"], "17": ["27"], "21": ["11"], "22": ["21"], "23": ["33"], "24": ["35"], "25": ["35"], "26": ["36"], "27": ["26"], "31": ["22"], "32": ["31"], "33": ["22"], "34": ["33"], "35": ["34", "56"], "36": ["35"], "37": ["27"], "41": ["42"], "42": ["33"], "43": ["25", "32"], "44": ["35"], "45": ["44"], "46": [], "47": ["35", "36"], "51": ["62"], "52": ["41"], "53": ["42"], "54": ["43"], "55": ["44"], "56": ["47"], "57": ["47"], "61": ["51"], "62": ["53"], "63": ["54"], "64": ["75"], "65": ["75"], "66": ["76"], "67": ["57"], "71": ["62"], "72": ["42", "62"], "73": ["63"], "74": ["63"], "75": ["74"], "76": ["67"], "77": ["76"]}