{"11": [], "12": ["22"], "13": ["22"], "14": ["25"], "15": ["26"], "16": ["25"], "17": ["26"], "18": ["19"], "19": ["28"], "1a": ["19"], "1b": ["2a"], "21": ["11"], "22": ["11"], "23": ["34"], "24": ["13"], "25": ["34"], "26": ["16"], "27": ["37"], "28": ["17"], "29": ["19"], "2a": ["19"], "2b": ["1a"], "31": ["41"], "32": ["21"], "33": ["42"], "34": ["33"], "35": ["36"], "36": [], "37": ["26"], "38": ["39"], "39": ["49"], "3a": ["2a"], "3b": ["4a"], "41": ["32"], "42": ["51"], "43": ["32"], "44": ["45"], "45": ["36"], "46": ["55"], "47": ["36"], "48": ["59"], "49": ["59"], "4a": ["25", "59"], "4b": ["5a"], "51": ["41"], "52": ["43"], "53": ["43"], "54": ["43"], "55": ["66"], "56": ["47"], "57": ["48"], "58": [], "59": ["68"], "5a": ["49"], "5b": ["5a"], "61": ["52"], "62": ["52"], "63": ["74"], "64": ["53"], "65": ["54"], "66": ["65"], "67": ["66"], "68": ["77"], "69": ["39", "59"], "6a": ["59", "8b"], "6b": ["7a"], "71": ["62"], "72": ["71"], "73": ["74"], "74": ["65"], "75": ["65"], "76": ["65"], "77": ["76"], "78": ["87"], "79": ["69"], "7a": ["89"], "7b": ["6a"], "81": ["72"], "82": ["72"], "83": ["73"], "84": ["73"], "85": ["76"], "86": ["76"], "87": ["76"], "88": ["6b", "97"], "89": ["98"], "8a": ["8b"], "8b": ["7a", "b9"], "91": ["81"], "92": ["91"], "93": ["94"], "94": ["85"], "95": ["85"], "96": ["97"], "97": ["87"], "98": ["87"], "99": ["a9"], "9a": ["a9"], "9b": ["8b"], "a1": ["91"], "a2": ["53", "b2"], "a3": ["b3"], "a4": ["95"], "a5": ["73", "95"], "a6": ["b5"], "a7": ["97"], "a8": ["a7"], "a9": ["98"], "aa": ["ab"], "ab": ["ba"], "b1": ["b2"], "b2": ["b3"], "b3": ["a4"], "b4": ["b3"], "b5": ["a5"], "b6": ["a6"], "b7": ["b8"], "b8": ["a9"], "b9": ["b8"], "ba": ["a9"], "bb": ["ab"]}